tweet,label,tweet_clean,predicted_label,correct
this one don come with e chop chop attitude,negative,this one don come with e chop chop attitude,neutral,False
make e sabi cord,neutral,make e sabi cord,positive,False
tag me to better things na i don commot hand from chelsea matter,negative,tag me to better things na i don commot hand from chelsea matter,neutral,False
this ur face wey u bone don pursue the love comot ooo,negative,this ur face wey u bone don pursue the love comot ooo,positive,False
me sef na human being,neutral,me sef na human being,positive,False
n toll gate fee na wetin dey trigger u people lol shame,negative,n toll gate fee na wetin dey trigger u people lol shame,neutral,False
the reason why kaisha dey drink like dis na because of salahshe dey celebrate am for d house,positive,the reason why kaisha dey drink like dis na because of salahshe dey celebrate am for d house,negative,False
aje baba table water from to malt from to na rich man dey chop beta food now when i go blow to take care of people god when,negative,aje baba table water from to malt from to na rich man dey chop beta food now when i go blow to take care of people god when,positive,False
please make e dey fall there because if e try fall for my site i don lose money,negative,please make e dey fall there because if e try fall for my site i don lose money,positive,False
only the thought of this na this dey my mind already si tiny ya enough towel oh,positive,only the thought of this na this dey my mind already si tiny ya enough towel oh,negative,False
warri nor dey carry last our people say las las na bracket first shopnow tshirt tshirt by contact us facebook zitu clothing zituclothingcom,positive,warri nor dey carry last our people say las las na bracket first shopnow tshirt tshirt by contact us facebook zitu clothing zituclothingcom,negative,False
e be like say time don reach sef na who naira epp,positive,e be like say time don reach sef na who naira epp,negative,False
you have been giving entrepreneurs students hospital bills what of me wey be doctor i like freebie too we sef na fans,positive,you have been giving entrepreneurs students hospital bills what of me wey be doctor i like freebie too we sef na fans,negative,False
omo see fine bae bae hw far waiting u dey look for here if na bf i dey here for u,positive,omo see fine bae bae hw far waiting u dey look for here if na bf i dey here for u,neutral,False
lol so u dey watch dat series nice,positive,lol so u dey watch dat series nice,neutral,False
dey celebrate awi naija pikin wen dey based for londone na english rappersongwriter n singer e name na,positive,dey celebrate awi naija pikin wen dey based for londone na english rappersongwriter n singer e name na,neutral,False
where shey u no go go come bless early morning blessing kk e fit reach me as bad belle dem dey sleep,positive,where shey u no go go come bless early morning blessing kk e fit reach me as bad belle dem dey sleep,negative,False
wetin e end na cavs win,negative,wetin e end na cavs win,neutral,False
so we plenty wey dey wear glassesnice,positive,so we plenty wey dey wear glassesnice,neutral,False
the fish wey get that tail na virgin,positive,the fish wey get that tail na virgin,neutral,False
get the cheapest data offer from lucid data world una don hear our icon so rush subscribe from lucid data world so una go stream anywhere una day icons we represent,positive,get the cheapest data offer from lucid data world una don hear our icon so rush subscribe from lucid data world so una go stream anywhere una day icons we represent,negative,False
has anyone gone to a store to buy perfumecologne bleu by chanel is now k amourage k creed k na to continue with axe gang o cos im never buying those cheap ass ones they smell like crap even if na oud sef mba,neutral,has anyone gone to a store to buy perfumecologne bleu by chanel is now k amourage k creed k na to continue with axe gang o cos im never buying those cheap ass ones they smell like crap even if na oud sef mba,negative,False
we no fit fight una when we no dey mad i like my phone comrade,positive,we no fit fight una when we no dey mad i like my phone comrade,negative,False
una sub dey here fakenews peddlers,negative,una sub dey here fakenews peddlers,neutral,False
na this man fit una like he dont give a fuk,positive,na this man fit una like he dont give a fuk,negative,False
lol na wetin dem dey promote na verbal abuse,negative,lol na wetin dem dey promote na verbal abuse,neutral,False
e pass sef e rich oga zayyana days sir alhaji muhammad gajo,neutral,e pass sef e rich oga zayyana days sir alhaji muhammad gajo,positive,False
braaaa i nor know o as dem dey half time for euros qualifiers na make me change channel,neutral,braaaa i nor know o as dem dey half time for euros qualifiers na make me change channel,positive,False
wakajugbe na see finish cause am nor vex for your girl‍️ oya compliment me next time i go try do awwww,positive,wakajugbe na see finish cause am nor vex for your girl️ oya compliment me next time i go try do awwww,negative,False
that kind time wey e dey sweet to hold soft material,negative,that kind time wey e dey sweet to hold soft material,positive,False
lmao this brt don climb bump sotey breast don commot for bra,negative,lmao this brt don climb bump sotey breast don commot for bra,neutral,False
baba don jazzyplease nahgimme money tooplease nah abeg nahna beg i dey beg,negative,baba don jazzyplease nahgimme money tooplease nah abeg nahna beg i dey beg,positive,False
is it wizkids song or drakes song u fucking dweeb if na like dat mr eazi get grammy nominationso if dem feature u song u don turn coowner guy goan sitdown,negative,is it wizkids song or drakes song u fucking dweeb if na like dat mr eazi get grammy nominationso if dem feature u song u don turn coowner guy goan sitdown,positive,False
na demseff dem dey do nah,negative,na demseff dem dey do nah,neutral,False
who can spot me again to all my clients and prospects i say thank you e se imela na go de sosongho mercii cant achieve this without you permit me to be oliver twist i do well at my jobi need,positive,who can spot me again to all my clients and prospects i say thank you e se imela na go de sosongho mercii cant achieve this without you permit me to be oliver twist i do well at my jobi need,negative,False
e dey always dey two we can share,positive,e dey always dey two we can share,negative,False
how far na how e dey be that side,positive,how far na how e dey be that side,neutral,False
na so dem dey talk,negative,na so dem dey talk,neutral,False
damn all this tech revelation is scary na why i no see anybody build with be this men dey red even my friends dey ask for money,positive,damn all this tech revelation is scary na why i no see anybody build with be this men dey red even my friends dey ask for money,negative,False
just to let you know that if that your regularrandom knacks fall in love or wants you and you dont want e fit be your burial unto say if i cant have you nobody can have you my people say if fowl no chop e go scatter,negative,just to let you know that if that your regularrandom knacks fall in love or wants you and you dont want e fit be your burial unto say if i cant have you nobody can have you my people say if fowl no chop e go scatter,positive,False
na lie na who de castigate a whole coal city like this oh boy take time you will be amazed you know when we don de go cinema for enugu during the days of eastern shop leventis when enugu was hub for the whole eastern states stop it,positive,na lie na who de castigate a whole coal city like this oh boy take time you will be amazed you know when we don de go cinema for enugu during the days of eastern shop leventis when enugu was hub for the whole eastern states stop it,negative,False
e say if na nigerian boyfriend them for blow you woman beater im deadddddddd,negative,e say if na nigerian boyfriend them for blow you woman beater im deadddddddd,positive,False
fear this man during his test period dont even think about not reading for his test if not na na na failure go day rush you,negative,fear this man during his test period dont even think about not reading for his test if not na na na failure go day rush you,positive,False
lmfaoooooooo abeg behave as per like wey be just button dem dey beg for that one too,negative,lmfaoooooooo abeg behave as per like wey be just button dem dey beg for that one too,positive,False
na rejoice na omoh the mama bin just fine,neutral,na rejoice na omoh the mama bin just fine,positive,False
oga just say youre bringing ecmt to the party in that your luxury bus no wahala i go dey for fed secretariat bus stop abeg dont drive past me,positive,oga just say youre bringing ecmt to the party in that your luxury bus no wahala i go dey for fed secretariat bus stop abeg dont drive past me,negative,False
no competition dear anyhow u wan run ur own run am dem no dey carry last or first just have a peaceful home,positive,no competition dear anyhow u wan run ur own run am dem no dey carry last or first just have a peaceful home,negative,False
its easier for me to stomach the british speaking it but im always shocked to hear asians speaking pidgin english especially the chinese which kain yeye beefroll you sell give me yesterday nothing beef about am o my pickin dey halla say e worst pass gala sef,negative,its easier for me to stomach the british speaking it but im always shocked to hear asians speaking pidgin english especially the chinese which kain yeye beefroll you sell give me yesterday nothing beef about am o my pickin dey halla say e worst pass gala sef,positive,False
oga gud evening sir in fact dis na night good night sir i de busy de write all my village pipo names for you make you choose me na tiktok you go de play,negative,oga gud evening sir in fact dis na night good night sir i de busy de write all my village pipo names for you make you choose me na tiktok you go de play,positive,False
see abeg make una answer this questionwhich bank in nigeria is the best put mouth this mata,neutral,see abeg make una answer this questionwhich bank in nigeria is the best put mouth this mata,positive,False
wen wen wen wen you see a starstars always dripping too hard nice meeting you mamaso much love maam adedoyino radisson blu,negative,wen wen wen wen you see a starstars always dripping too hard nice meeting you mamaso much love maam adedoyino radisson blu,positive,False
bryan don talk e ownlol,positive,bryan don talk e ownlol,neutral,False
who your birth month help for this lockdown period abeg carry your birth month go one side first make we know wetin dey play for area,negative,who your birth month help for this lockdown period abeg carry your birth month go one side first make we know wetin dey play for area,positive,False
eyyy chale dat wan sef no bad e,positive,eyyy chale dat wan sef no bad e,negative,False
stop lying abeg na only cane strokes dis guy dey dash,negative,stop lying abeg na only cane strokes dis guy dey dash,neutral,False
dey reply me with one word dey expect me to carry the conversation where i wan carry am where i dey carry am go usu ra kwa nwanne gi nwanyị dia,negative,dey reply me with one word dey expect me to carry the conversation where i wan carry am where i dey carry am go usu ra kwa nwanne gi nwanyị dia,neutral,False
see as sanwoolu dey chance me for eko bridge ahhh suffer dey this lagos i dey comot,positive,see as sanwoolu dey chance me for eko bridge ahhh suffer dey this lagos i dey comot,negative,False
na so them sabi ooo you think sey na one better money them want withdraw,negative,na so them sabi ooo you think sey na one better money them want withdraw,positive,False
abeg be quiet you are not even the champion in your family your younger brother better pass you and i still beat am join who una wan call for me your ancestors go sabi play game na,negative,abeg be quiet you are not even the champion in your family your younger brother better pass you and i still beat am join who una wan call for me your ancestors go sabi play game na,positive,False
lol dem for give chang noww k dolz every month for soft for dem,positive,lol dem for give chang noww k dolz every month for soft for dem,negative,False
you wey na work to stand up from bed wan dance lol,negative,you wey na work to stand up from bed wan dance lol,positive,False
people wey olympiakos knack de laugh me yesterday never seen a shameless lot in my life,negative,people wey olympiakos knack de laugh me yesterday never seen a shameless lot in my life,positive,False
some matters na inbuilt e nor need settling abi you wan go ask mad woman how e take carry belle,positive,some matters na inbuilt e nor need settling abi you wan go ask mad woman how e take carry belle,negative,False
correct i don rest na to join the insane world remain now youre an agitator of feminism and i like the way you were calm and dishing out stuffs through out the whole discussion some other people for don call my late mum names i admire that weldone,positive,correct i don rest na to join the insane world remain now youre an agitator of feminism and i like the way you were calm and dishing out stuffs through out the whole discussion some other people for don call my late mum names i admire that weldone,negative,False
people wey no dey haggle price awon okay send your account number ill make the transfer now,positive,people wey no dey haggle price awon okay send your account number ill make the transfer now,negative,False
omo if by next week i start dropping motivational quotes abeg send me money cuz e don happen e get the kind balance wey i see for my account now e fit cause depression,negative,omo if by next week i start dropping motivational quotes abeg send me money cuz e don happen e get the kind balance wey i see for my account now e fit cause depression,positive,False
the mumu na bamteddy fan since e nor blow he wan dey insult laycon wey don blow clown,neutral,the mumu na bamteddy fan since e nor blow he wan dey insult laycon wey don blow clown,negative,False
lol wetin be your own na by the way e check dm yin sir,positive,lol wetin be your own na by the way e check dm yin sir,neutral,False
you are all that i want girl more precious to me than diamonds and pearls just like a star you light up my world the way i feel inside e always on my mind e e and i cant get over you girl cos you got me so confused you got me in the mood and you make me feel brand new,negative,you are all that i want girl more precious to me than diamonds and pearls just like a star you light up my world the way i feel inside e always on my mind e e and i cant get over you girl cos you got me so confused you got me in the mood and you make me feel brand new,positive,False
you never even vexme wey go camp their branch i want to speak to your manager i say i want to speak to the manager,negative,you never even vexme wey go camp their branch i want to speak to your manager i say i want to speak to the manager,positive,False
but honestly the hype on this virus is too much more than the virus itself but guess what im a nigerian im safe i survived ebola i survived lassar ill survive corona too the same speed wey e use come na im e go use go no world is ending,positive,but honestly the hype on this virus is too much more than the virus itself but guess what im a nigerian im safe i survived ebola i survived lassar ill survive corona too the same speed wey e use come na im e go use go no world is ending,negative,False
dem say if we dey dance like this say na red i kuku be japanese cos i dey dance fire,positive,dem say if we dey dance like this say na red i kuku be japanese cos i dey dance fire,negative,False
abeg wetin dey happen here ooo better content everywhere someone tag me to a gist for starts biko,positive,abeg wetin dey happen here ooo better content everywhere someone tag me to a gist for starts biko,neutral,False
those people wen day post im not in a competition with anybody na dem gon gon day host the competition,negative,those people wen day post im not in a competition with anybody na dem gon gon day host the competition,positive,False
guys its friday go out and have fun problem no de finish,positive,guys its friday go out and have fun problem no de finish,negative,False
with that their rough road sef person fit get miscarriage,negative,with that their rough road sef person fit get miscarriage,positive,False
oooh baby please please she no be average her body na savage keshi baby rora shea dia dia ko roraah,neutral,oooh baby please please she no be average her body na savage keshi baby rora shea dia dia ko roraah,positive,False
go tell god that one na we say make una like glittering things if not we go for still dey paradise now,negative,go tell god that one na we say make una like glittering things if not we go for still dey paradise now,positive,False
we dey on with x for studio and we go dey ask dem question wey concern their kind music edmtune in,neutral,we dey on with x for studio and we go dey ask dem question wey concern their kind music edmtune in,negative,False
una go chop am this season sha make e start,neutral,una go chop am this season sha make e start,positive,False
i don commot hand for anyth wey concern baf dis year bath done n dusted,positive,i don commot hand for anyth wey concern baf dis year bath done n dusted,negative,False
pls na looool i ddnt say de shld collect it omake them correct am b manutd fan drive me commot twitter lol,positive,pls na looool i ddnt say de shld collect it omake them correct am b manutd fan drive me commot twitter lol,negative,False
na so d protest carry dem reach d spirit of benin protest atleast does ppl wey dem manage release go tnk der god,positive,na so d protest carry dem reach d spirit of benin protest atleast does ppl wey dem manage release go tnk der god,negative,False
omo wer una dey see dat kind relationship na,positive,omo wer una dey see dat kind relationship na,negative,False
come ooo next week friday is christmas ooo asin im not seeing any sign in my house ooo i dont understand ooo normally we for don run half bag of flour for chinchin even the meat dey sound like audio,positive,come ooo next week friday is christmas ooo asin im not seeing any sign in my house ooo i dont understand ooo normally we for don run half bag of flour for chinchin even the meat dey sound like audio,negative,False
im sure you guys had fun but youre not showing me pics of the oba na all these men with big belle you dey post,positive,im sure you guys had fun but youre not showing me pics of the oba na all these men with big belle you dey post,negative,False
i dont like the way your header looks at me when i enter your page e dey look me like i wan thief something,negative,i dont like the way your header looks at me when i enter your page e dey look me like i wan thief something,positive,False
i remember dat day for freddo house wey dalo no gree make you talk on the matter funny as fuck,positive,i remember dat day for freddo house wey dalo no gree make you talk on the matter funny as fuck,negative,False
if preeq see toto e go charge like say e fit do something but if e enter see wetin others have seen e go bow,neutral,if preeq see toto e go charge like say e fit do something but if e enter see wetin others have seen e go bow,negative,False
mo you sef don join ancestors dey chop sacrifice come and see o,negative,mo you sef don join ancestors dey chop sacrifice come and see o,positive,False
before i took this picture ehn the kind of run i did anyway who don fine don fine im still your surest plug for quality bedsheets and duvets made from the finest cotton quality for your kids and you come and patronize me today and testify,negative,before i took this picture ehn the kind of run i did anyway who don fine don fine im still your surest plug for quality bedsheets and duvets made from the finest cotton quality for your kids and you come and patronize me today and testify,positive,False
how much you think say this one be e still no fill pot oh k with abeg the fish big na me wey stand afar snap cause e dey splash water,positive,how much you think say this one be e still no fill pot oh k with abeg the fish big na me wey stand afar snap cause e dey splash water,negative,False
my belle don dey big like own because of am o,positive,my belle don dey big like own because of am o,negative,False
una dey play nonsense this na wetin we go do all chelsea and arsenal players one day warri nigeria,negative,una dey play nonsense this na wetin we go do all chelsea and arsenal players one day warri nigeria,neutral,False
as for those wen want my waffi bros to comot d house na unah go pack unah load go,negative,as for those wen want my waffi bros to comot d house na unah go pack unah load go,positive,False
na pipo wey no like me na,negative,na pipo wey no like me na,positive,False
chop knuckle wa gbayi omo yi you don sabi better food be that preach let them hear,positive,chop knuckle wa gbayi omo yi you don sabi better food be that preach let them hear,negative,False
don don don don foxy i remember when we used to call him sango afolabi sha has to do thanksgiving for his glow up tbh‍️,neutral,don don don don foxy i remember when we used to call him sango afolabi sha has to do thanksgiving for his glow up tbh️,positive,False
pillow under the head wee never allow hair to be smooth laidat na u had to comb or brush it fest but that smile eh lai lo make up‍️‍️‍️ melanin poppin just no wound me abeg na my lane i dey waka so,positive,pillow under the head wee never allow hair to be smooth laidat na u had to comb or brush it fest but that smile eh lai lo make up️️️ melanin poppin just no wound me abeg na my lane i dey waka so,negative,False
where can i find this kain fine specimen the earrings come topup the fineness finish this wan na square meal comman see buffet e slippery,positive,where can i find this kain fine specimen the earrings come topup the fineness finish this wan na square meal comman see buffet e slippery,negative,False
in warri how much i dey owe you sef na today den dey owe pesin naija sef dey owe nah nor dey stress me,negative,in warri how much i dey owe you sef na today den dey owe pesin naija sef dey owe nah nor dey stress me,neutral,False
na when you need help people go dey ask you all the things wey you do wrong,negative,na when you need help people go dey ask you all the things wey you do wrong,positive,False
se na like this we go dey dey e haaa don na like this we go dey dey e,negative,se na like this we go dey dey e haaa don na like this we go dey dey e,positive,False
na all those kind guys for exam hall wey go ask you whether you dey sure when dem dey dub,positive,na all those kind guys for exam hall wey go ask you whether you dey sure when dem dey dub,negative,False
na anambra i come from i no need your motivational quotes i don dey see rich men since dey born me period,negative,na anambra i come from i no need your motivational quotes i don dey see rich men since dey born me period,positive,False
na assassin u wan date,negative,na assassin u wan date,neutral,False
i dey tell one of my guy say e nor dey reach weeks e think say na show offi just say i dey pray for him big break say we go visit this issue again,positive,i dey tell one of my guy say e nor dey reach weeks e think say na show offi just say i dey pray for him big break say we go visit this issue again,negative,False
men biko how much will be enough for you to barb your hair and look good ladies tag a guy and pay for him no be only men go dey pay una bills i know some women will want to tag some + men wey don go bald you will be disqualified ️,neutral,men biko how much will be enough for you to barb your hair and look good ladies tag a guy and pay for him no be only men go dey pay una bills i know some women will want to tag some + men wey don go bald you will be disqualified ️,negative,False
e be like say na like this we go settle am patronize me i dey try raise tuition fee tuition fee don increase nigeria,positive,e be like say na like this we go settle am patronize me i dey try raise tuition fee tuition fee don increase nigeria,negative,False
forget the fine facehow can egungun be carefule don jam am i don tell am e don jam am be on repeat in my head,negative,forget the fine facehow can egungun be carefule don jam am i don tell am e don jam am be on repeat in my head,positive,False
omo no be everybody wen you follow wen no follow you back dey proud oh some people really really no just care about this followers thing no be pride,positive,omo no be everybody wen you follow wen no follow you back dey proud oh some people really really no just care about this followers thing no be pride,negative,False
abeg make una buy perfume na from very cheap make i fit see money continue this protest ejor abeg edakun make una help me oh girl is super broke,negative,abeg make una buy perfume na from very cheap make i fit see money continue this protest ejor abeg edakun make una help me oh girl is super broke,positive,False
abeg where una dey find this relationship nawif na soap abeg cut small for me omo alot happened i don forget some sha we meuv‍️,negative,abeg where una dey find this relationship nawif na soap abeg cut small for me omo alot happened i don forget some sha we meuv️,positive,False
wetin dey happen for this jos today na una no dey invite person for things please now,positive,wetin dey happen for this jos today na una no dey invite person for things please now,negative,False
good evening my adorable followers how are you how did your day go im sorry ive not been able to post stories like before ive been really busy and not had me time i know i have some unfinished stories ive finished them in my head na to type am no vex abeg,positive,good evening my adorable followers how are you how did your day go im sorry ive not been able to post stories like before ive been really busy and not had me time i know i have some unfinished stories ive finished them in my head na to type am no vex abeg,negative,False
fresh kehabi opportunity to fornicateactivity dey wey baba go do wey go make baba forget about meim not playing rough play naira,negative,fresh kehabi opportunity to fornicateactivity dey wey baba go do wey go make baba forget about meim not playing rough play naira,positive,False
armed robber walks in armed robber i know youre there me armed robber come out me armed robber u better come out now or else me armed robber na condition make cray fish bend me even cray fish wey straight na winch,positive,armed robber walks in armed robber i know youre there me armed robber come out me armed robber u better come out now or else me armed robber na condition make cray fish bend me even cray fish wey straight na winch,negative,False
see wetin ed woodword dey cause ‍️,negative,see wetin ed woodword dey cause ️,neutral,False
abeg nnewi people cinema dey nnewi lidis,negative,abeg nnewi people cinema dey nnewi lidis,positive,False
ncdc sup with update na e don be carryover oh,negative,ncdc sup with update na e don be carryover oh,neutral,False
abeg i nor do wahz dis na,negative,abeg i nor do wahz dis na,positive,False
lmao you never see my team una ke my guy na only classic i dey focus on as e be,positive,lmao you never see my team una ke my guy na only classic i dey focus on as e be,negative,False
this cho cho dance shey my neck wouldnt shift from east to west na who go vex go vex david is a vibe,positive,this cho cho dance shey my neck wouldnt shift from east to west na who go vex go vex david is a vibe,negative,False
mr man did u see awolowo for that lyrics since him de gail legends saraki na legend too abi,negative,mr man did u see awolowo for that lyrics since him de gail legends saraki na legend too abi,neutral,False
im coming wit a bagger very soon e go shock the north inshaallah,negative,im coming wit a bagger very soon e go shock the north inshaallah,positive,False
igbo fufu na d best dem no dey turn am for pot na pounding,positive,igbo fufu na d best dem no dey turn am for pot na pounding,negative,False
funny i dont even know her bro yesterday was the first time i saw her picture she is not fam na her husband me and her run matter sef,neutral,funny i dont even know her bro yesterday was the first time i saw her picture she is not fam na her husband me and her run matter sef,negative,False
twitter brethren how is your evening going to pan out i just wanted to peep oooo how una de,positive,twitter brethren how is your evening going to pan out i just wanted to peep oooo how una de,negative,False
sorry bro mah recharge now sef,negative,sorry bro mah recharge now sef,positive,False
traditional marriage don reach now you carry us dey enter bush all those fine gates wey you stand dey snap nah who get am,negative,traditional marriage don reach now you carry us dey enter bush all those fine gates wey you stand dey snap nah who get am,positive,False
who started this look at your whatever thing e don do oo my tl is mess already,negative,who started this look at your whatever thing e don do oo my tl is mess already,positive,False
i suppose buy popcorn as per na movie i wan watch this night,positive,i suppose buy popcorn as per na movie i wan watch this night,neutral,False
balikis no sabi kiss omowumi don do abortions iya abiye sef never born even morenikeji never get partner ifelodun don break up wetin we never see for our street even excellent sef dey carryover courses,neutral,balikis no sabi kiss omowumi don do abortions iya abiye sef never born even morenikeji never get partner ifelodun don break up wetin we never see for our street even excellent sef dey carryover courses,negative,False
na to read am be the koko observe all wetin u read evangelise all wetin you read,positive,na to read am be the koko observe all wetin u read evangelise all wetin you read,neutral,False
e don happen again o olosho don steal iphone pro max wey my guy borrow,negative,e don happen again o olosho don steal iphone pro max wey my guy borrow,positive,False
im so freaking hot need a glass of chilled water but ive got sore throat so i cant what kind of wahala is dis now,positive,im so freaking hot need a glass of chilled water but ive got sore throat so i cant what kind of wahala is dis now,negative,False
seeing as rice cost for market i just dey admire that bag of rice wey dey there god bless you for your support blessed is the man that giveth than the one that taketh may gods blessings and grace be upon you always,negative,seeing as rice cost for market i just dey admire that bag of rice wey dey there god bless you for your support blessed is the man that giveth than the one that taketh may gods blessings and grace be upon you always,positive,False
now wey i need your help you nor help me the time wey you go wan come help me i nor go want your help that time so you go get out by then,negative,now wey i need your help you nor help me the time wey you go wan come help me i nor go want your help that time so you go get out by then,positive,False
i dont even know where to start from koz my parent love that show like and nah night them dey watch am so sometimes i used to be like why cant they show this thing at morning i dont even know how to express my selffeelings towards this show abeg i just dey type shit,positive,i dont even know where to start from koz my parent love that show like and nah night them dey watch am so sometimes i used to be like why cant they show this thing at morning i dont even know how to express my selffeelings towards this show abeg i just dey type shit,negative,False
i don see this one na hin face for that nd frame i wan see,positive,i don see this one na hin face for that nd frame i wan see,negative,False
make e see wetin hin fine face and stature dey cause for my marital house o,positive,make e see wetin hin fine face and stature dey cause for my marital house o,negative,False
ozo think say because him na fine boy automatically dem go always reason am dem carry am handicap and o housemates where like you dont have the facilities for that big man,neutral,ozo think say because him na fine boy automatically dem go always reason am dem carry am handicap and o housemates where like you dont have the facilities for that big man,negative,False
o lord wen i go buy dis motor wey dey my mind,negative,o lord wen i go buy dis motor wey dey my mind,positive,False
invite me come ibadan baba e don tey i chop ewa ati bread,positive,invite me come ibadan baba e don tey i chop ewa ati bread,neutral,False
me sef shock,negative,me sef shock,positive,False
latest gina guideline ooo just hearing it today in a seminar e off me i managed a hand full of asthmatics over the last few weeks and i nebulized religiously,negative,latest gina guideline ooo just hearing it today in a seminar e off me i managed a hand full of asthmatics over the last few weeks and i nebulized religiously,positive,False
see as dey nod as dey talk about the mistake they made while in government regarding like bro na me go sign am if you enter if we enter,negative,see as dey nod as dey talk about the mistake they made while in government regarding like bro na me go sign am if you enter if we enter,positive,False
good morning big bro abeg na vn u go de use reply my whats app now,positive,good morning big bro abeg na vn u go de use reply my whats app now,negative,False
i dont know what im doing wrong im not selling im broke im sad were almost in december baba god i know youre the god of the th hour please come through,negative,i dont know what im doing wrong im not selling im broke im sad were almost in december baba god i know youre the god of the th hour please come through,positive,False
see am keypad warrior na for twitter you dey get strength come fight mortal combat now na wahala,negative,see am keypad warrior na for twitter you dey get strength come fight mortal combat now na wahala,neutral,False
dem scatter every where from the beginning and still dey scatter things wicked generation how can a country like ours still be struggling with electricity upon all the professors and self acclaimed visionary well positioned leaders dem even get gen for house and office‍️,positive,dem scatter every where from the beginning and still dey scatter things wicked generation how can a country like ours still be struggling with electricity upon all the professors and self acclaimed visionary well positioned leaders dem even get gen for house and office️,negative,False
by now i for don dey chevron drive dey enjoy this,negative,by now i for don dey chevron drive dey enjoy this,positive,False
come why dem nor dey fit dey retweet your messages body dey catch you,negative,come why dem nor dey fit dey retweet your messages body dey catch you,positive,False
me as a pastor how you go dey put as your tithe your salary na,negative,me as a pastor how you go dey put as your tithe your salary na,positive,False
shey una dey listen to crest fm sha talk say them wan share babe by am o,positive,shey una dey listen to crest fm sha talk say them wan share babe by am o,neutral,False
just tey dey for this week oh,neutral,just tey dey for this week oh,positive,False
omo na spag wey me think say dey oh na hin as i enter kitchen now boy don finish am,negative,omo na spag wey me think say dey oh na hin as i enter kitchen now boy don finish am,positive,False
and go dey do like tom and jerry uppandan spectators go dey comment ratings go dey pile me i just need,neutral,and go dey do like tom and jerry uppandan spectators go dey comment ratings go dey pile me i just need,negative,False
omo e be like say una go dey talk this thing till una die oooo i bet you might even tell it to your childrens children yall just pained that he has come this far even outstayed your fave nonsense,positive,omo e be like say una go dey talk this thing till una die oooo i bet you might even tell it to your childrens children yall just pained that he has come this far even outstayed your fave nonsense,negative,False
we don see you na son of solomon,negative,we don see you na son of solomon,positive,False
na cheating honestly next time we are together as a family we go table the matter why you go talk say na strokes i go chop whereas every lie down lie flat you dey use the cain press me like iron,positive,na cheating honestly next time we are together as a family we go table the matter why you go talk say na strokes i go chop whereas every lie down lie flat you dey use the cain press me like iron,negative,False
the way relationship dey work for some people ehn e be like say i don miss road from the beginning see as wedding plenty today how did they get to that stage i need brochure with answers please,positive,the way relationship dey work for some people ehn e be like say i don miss road from the beginning see as wedding plenty today how did they get to that stage i need brochure with answers please,negative,False
e dey constantly burst my brain when they speak to parents to caution and appeal to their children i cant laugh but its funny like we are children we dont have sense we dont know what we are doing you think you years of respect and shutup tactic still works na wa,negative,e dey constantly burst my brain when they speak to parents to caution and appeal to their children i cant laugh but its funny like we are children we dont have sense we dont know what we are doing you think you years of respect and shutup tactic still works na wa,positive,False
show me love i use god beg you i no want money abeg just one song abeg i dey beg,negative,show me love i use god beg you i no want money abeg just one song abeg i dey beg,positive,False
e con thief the money them no lie them no just dey correct with wetin him go steal,neutral,e con thief the money them no lie them no just dey correct with wetin him go steal,negative,False
wetin dey sup nah is it that people are not seeing my tweets or they dont just want to engage them please im new here o teach me what to do abeg thanks,positive,wetin dey sup nah is it that people are not seeing my tweets or they dont just want to engage them please im new here o teach me what to do abeg thanks,negative,False
hin go reach my side too,neutral,hin go reach my side too,positive,False
boss abeg any family love and romance series for your boy i don go waste time data dey download wandavision,negative,boss abeg any family love and romance series for your boy i don go waste time data dey download wandavision,positive,False
the point wey i dey lead you i fit use am climb bike a liverpool fan to a chelsea fan,negative,the point wey i dey lead you i fit use am climb bike a liverpool fan to a chelsea fan,positive,False
i sing occasionally i love music and i love to dance im a very picky eater i dont eat the things an average person would im a football enthusiast im a hugger but corona virus wont let me be great i absolutely love children ️ and animals esp dogs,negative,i sing occasionally i love music and i love to dance im a very picky eater i dont eat the things an average person would im a football enthusiast im a hugger but corona virus wont let me be great i absolutely love children ️ and animals esp dogs,positive,False
some people get time to they speak english sha as i dey speak the english na slap dey follow am nonsense,negative,some people get time to they speak english sha as i dey speak the english na slap dey follow am nonsense,positive,False
thanks babanah say e still dey green nah why i dey hear d details oo,positive,thanks babanah say e still dey green nah why i dey hear d details oo,neutral,False
part of the money me na i say okay no wahala enter when i reach where i dey go we go end trip see how much then you pay a percentage abi no be so i don reach where i dey go finish aunty oya pay she say em i dont have cash with me ah ah see me see cashless society,negative,part of the money me na i say okay no wahala enter when i reach where i dey go we go end trip see how much then you pay a percentage abi no be so i don reach where i dey go finish aunty oya pay she say em i dont have cash with me ah ah see me see cashless society,positive,False
lmao bro how we go do na i dey test this big man life e be like say the thing go fit me abi,positive,lmao bro how we go do na i dey test this big man life e be like say the thing go fit me abi,negative,False
so so many thing mehn i play different instruments i play different sports i come sabi maths and physics i come sabi sing again i come dey style people again i come dey think like bill gates list can go onnnnn,positive,so so many thing mehn i play different instruments i play different sports i come sabi maths and physics i come sabi sing again i come dey style people again i come dey think like bill gates list can go onnnnn,negative,False
small sickness i don dey chop like thief o wrong na,negative,small sickness i don dey chop like thief o wrong na,neutral,False
ok na th be like say i don dey alryt small,negative,ok na th be like say i don dey alryt small,positive,False
lmaoooo money can make me cry like a baby like this e don tey wey i receive credit alert,negative,lmaoooo money can make me cry like a baby like this e don tey wey i receive credit alert,positive,False
i dont o but those that do una dey try i give una hand,positive,i dont o but those that do una dey try i give una hand,negative,False
even me if na me buy am go dey impressed,positive,even me if na me buy am go dey impressed,negative,False
e be like say na the wrong ch me i dey o,neutral,e be like say na the wrong ch me i dey o,negative,False
na who dey alive dey apply for visa,neutral,na who dey alive dey apply for visa,positive,False
lol na benin you dey o anyway im not aware of any ig account but i think you can find an errand service to pick it up for you,neutral,lol na benin you dey o anyway im not aware of any ig account but i think you can find an errand service to pick it up for you,positive,False
ray i greet una abeg why una never and no dey nack by abi una no like better tin,positive,ray i greet una abeg why una never and no dey nack by abi una no like better tin,negative,False
mixing and mastering is so damn stressfulyou fit just dey hear some kind breath underneat the recording who dey actually breeeett,negative,mixing and mastering is so damn stressfulyou fit just dey hear some kind breath underneat the recording who dey actually breeeett,positive,False
e no dey tey again like before just relax and enjoy the day dear,positive,e no dey tey again like before just relax and enjoy the day dear,negative,False
guy e dey shook me oh,negative,guy e dey shook me oh,positive,False
dey never dark reach where una dey ahbi,negative,dey never dark reach where una dey ahbi,neutral,False
make una con collect food idea for una wedding ohhh id be looking forward to it on the menu,positive,make una con collect food idea for una wedding ohhh id be looking forward to it on the menu,negative,False
ac and fan dey on im naked on bed chilling buh outside with tshirt and pant cold wan finish me,negative,ac and fan dey on im naked on bed chilling buh outside with tshirt and pant cold wan finish me,positive,False
una don die davido hand this year ah ludacris timbaland ah god im crying david no one like u,positive,una don die davido hand this year ah ludacris timbaland ah god im crying david no one like u,negative,False
i know say when you finish person go wan drink the picture,positive,i know say when you finish person go wan drink the picture,negative,False
after this whole valentine don go and e reach timemy nearest person to show love na i love ya,positive,after this whole valentine don go and e reach timemy nearest person to show love na i love ya,negative,False
omo i just remember when these guys dey push me that i must talk to this girl i like i dey hold door but these guys overpowered me and push me inside the class omo shyness don finish then i just say ya kike sunana khalyl ni classmate dinki ne ban number dinki‍️‍️,positive,omo i just remember when these guys dey push me that i must talk to this girl i like i dey hold door but these guys overpowered me and push me inside the class omo shyness don finish then i just say ya kike sunana khalyl ni classmate dinki ne ban number dinki️️,negative,False
e be like say the cement wey you wan use no go do i dey come make i buy extra add for you oya dab,positive,e be like say the cement wey you wan use no go do i dey come make i buy extra add for you oya dab,negative,False
na d work wey dem dey do na,positive,na d work wey dem dey do na,neutral,False
how she dey feel if she dey see this pikin,neutral,how she dey feel if she dey see this pikin,positive,False
brooo you get eye i know wetin i de talk,positive,brooo you get eye i know wetin i de talk,neutral,False
that guy na big time werey his nonsense is so hilarious,positive,that guy na big time werey his nonsense is so hilarious,negative,False
lmao i swear e be like person wey dey argue with google,positive,lmao i swear e be like person wey dey argue with google,negative,False
there is one guy on this app thats not fine but una dey always hype am and e dey headache me,positive,there is one guy on this app thats not fine but una dey always hype am and e dey headache me,negative,False
na here dem go see gf she don quickly like the tweet,positive,na here dem go see gf she don quickly like the tweet,negative,False
person wey i fine pass dey tell me you are kinda cute me kinda isinku e oni sorire oloriburuku somebody,negative,person wey i fine pass dey tell me you are kinda cute me kinda isinku e oni sorire oloriburuku somebody,positive,False
if i come pierce my tongue dem go dey ask weda i dey give for free,neutral,if i come pierce my tongue dem go dey ask weda i dey give for free,negative,False
my dear e fit be oooo cos that year i de confused,negative,my dear e fit be oooo cos that year i de confused,positive,False
brought out soups omo na block industry oh n light no dey sha had to collect meat from stew then add am small banana as i dey struggle to cut out soup,neutral,brought out soups omo na block industry oh n light no dey sha had to collect meat from stew then add am small banana as i dey struggle to cut out soup,negative,False
omo onifz sef don go uk sha just saw it on facebook all my guys dem don relocate finish,positive,omo onifz sef don go uk sha just saw it on facebook all my guys dem don relocate finish,negative,False
im stepping out tomorrow with my jack nife any body wey devil bless make e try rubbish,negative,im stepping out tomorrow with my jack nife any body wey devil bless make e try rubbish,positive,False
lol some women are so triggered that theyve begun red flags thread anew like ive seen over threads theyve started this morning but na woman own make men do that single one na now una don turn am to face of threads,positive,lol some women are so triggered that theyve begun red flags thread anew like ive seen over threads theyve started this morning but na woman own make men do that single one na now una don turn am to face of threads,negative,False
na this kana una say wan go house next how na,positive,na this kana una say wan go house next how na,negative,False
oga na question u de ask so wear bullet proof and carry ur ak sefeni,positive,oga na question u de ask so wear bullet proof and carry ur ak sefeni,neutral,False
guy if i sabi do this thing i no go dey waste my time dey do office work na to find better strip club dey display all the talent,positive,guy if i sabi do this thing i no go dey waste my time dey do office work na to find better strip club dey display all the talent,negative,False
you guys are not normal at allif una wan chop the money make una chop idiotsfoh,negative,you guys are not normal at allif una wan chop the money make una chop idiotsfoh,positive,False
no be boy dem just born wetin these rich kids dey chop,positive,no be boy dem just born wetin these rich kids dey chop,negative,False
we no fit dai,positive,we no fit dai,negative,False
u don finish work abeg let dem,positive,u don finish work abeg let dem,negative,False
see as una take fall my hands now now wey i think say una don get sense so all these quick response to tweet na just forming,negative,see as una take fall my hands now now wey i think say una don get sense so all these quick response to tweet na just forming,positive,False
na so e tk dey start o,negative,na so e tk dey start o,neutral,False
me wey dey edo state buh i dey enter lagos soon sha,positive,me wey dey edo state buh i dey enter lagos soon sha,neutral,False
dis goes show d level of maturity n intelligent of feminine folks i respect una seriously d wife in question knows her husband n she is happy with d beautiful things in life dat comes with it which i respect her for it take a look at baba wife nah see glowing now gives a,negative,dis goes show d level of maturity n intelligent of feminine folks i respect una seriously d wife in question knows her husband n she is happy with d beautiful things in life dat comes with it which i respect her for it take a look at baba wife nah see glowing now gives a,positive,False
if i no post review wetin i gain buy nirvana u no hear now my baby girlextraordinary presenterblaque beauty joyceiyakwari is giving it to them left and right in her double drawn fringe wig,positive,if i no post review wetin i gain buy nirvana u no hear now my baby girlextraordinary presenterblaque beauty joyceiyakwari is giving it to them left and right in her double drawn fringe wig,negative,False
good evening everyborry lasisi is hia again soum just happin rhy na soum pipo on twitter would just be posting delicious food and me im here am very very hungry im hungry ooo,negative,good evening everyborry lasisi is hia again soum just happin rhy na soum pipo on twitter would just be posting delicious food and me im here am very very hungry im hungry ooo,positive,False
wetin happen nàaa,negative,wetin happen nàaa,neutral,False
buhari don park his family and property for inside motor dey run ooo he don dey comot for asorock una dey see am,negative,buhari don park his family and property for inside motor dey run ooo he don dey comot for asorock una dey see am,neutral,False
dis was d day i broke d vow of not voting in ultimateloveng after seeing how cute they both look in dis outfit i ddnt kw wen i picked up my fone and gave them sms vote dis was hands down their best outfit,positive,dis was d day i broke d vow of not voting in ultimateloveng after seeing how cute they both look in dis outfit i ddnt kw wen i picked up my fone and gave them sms vote dis was hands down their best outfit,negative,False
its how people stay comfortable walking around petrol tanker making videos dey off me same road sometimes last year petrol tanker come spoil for road oil dey spill traffic dey omo i had to come down collect better run for my life,positive,its how people stay comfortable walking around petrol tanker making videos dey off me same road sometimes last year petrol tanker come spoil for road oil dey spill traffic dey omo i had to come down collect better run for my life,negative,False
barca yea sorry i dey vex for setien ni he cost them that game wish foolish tactics if he had set up the team properly they would ve offered more at least if they ll lose it wpnt be disgraceful like this the players didnt help themselves too thoall of them dey mad,neutral,barca yea sorry i dey vex for setien ni he cost them that game wish foolish tactics if he had set up the team properly they would ve offered more at least if they ll lose it wpnt be disgraceful like this the players didnt help themselves too thoall of them dey mad,negative,False
wetin carry me enter buycoins ooooo i don enter chance money don hook over hours now e ba mi gbowo mi,negative,wetin carry me enter buycoins ooooo i don enter chance money don hook over hours now e ba mi gbowo mi,positive,False
you thought you were sleek dey follow den wen dem follow u back u go come unfollow,negative,you thought you were sleek dey follow den wen dem follow u back u go come unfollow,positive,False
i neva see ugly gurls wey dey support na giraan dey chealshit,negative,i neva see ugly gurls wey dey support na giraan dey chealshit,neutral,False
i bin wan ask too but i no want chop block,neutral,i bin wan ask too but i no want chop block,negative,False
finally all of us don dey mad,positive,finally all of us don dey mad,negative,False
we dey here ooooplease na god i use beg una dont like or retweet ooo,negative,we dey here ooooplease na god i use beg una dont like or retweet ooo,positive,False
wetin i wan take beg you to followback na gtgtbeg me,positive,wetin i wan take beg you to followback na gtgtbeg me,negative,False
which kain boss how i go see k chop today like this shey space still dey for your site,neutral,which kain boss how i go see k chop today like this shey space still dey for your site,positive,False
guys today a girl fine girl wey fine reach meal on a hungry eve gave me her iphone pro to help her hold it till she finish drinking water i wanted to run but na for motor park we de i no i go chop beating sotey i go wish i die,negative,guys today a girl fine girl wey fine reach meal on a hungry eve gave me her iphone pro to help her hold it till she finish drinking water i wanted to run but na for motor park we de i no i go chop beating sotey i go wish i die,positive,False
na de gea saved u dat day bro,positive,na de gea saved u dat day bro,neutral,False
them don born me tey tey before warri crisis,positive,them don born me tey tey before warri crisis,neutral,False
i am really sorry i know i am a disappointment i know all the health benefits that u av alws bn preaching even me im not proud of this but tonight na me and dis ebaa oo,negative,i am really sorry i know i am a disappointment i know all the health benefits that u av alws bn preaching even me im not proud of this but tonight na me and dis ebaa oo,positive,False
as in ehhi na e propose mens anoro somewhere na e dispose it is well,negative,as in ehhi na e propose mens anoro somewhere na e dispose it is well,positive,False
is like want depression to catch me before he see me vbank i get vtarget i get betway sef i dey inside even video sef i do bikooooooo naaaaa,neutral,is like want depression to catch me before he see me vbank i get vtarget i get betway sef i dey inside even video sef i do bikooooooo naaaaa,negative,False
ag no sabi dance sha dey do like earthworm dey pour salt,negative,ag no sabi dance sha dey do like earthworm dey pour salt,positive,False
the rich mans joke is always funny if a celebrity tweets only an alphabet una go still like and retweet am your guy don tweet times today you never like but help me tell your guy e don do only him tweets today,negative,the rich mans joke is always funny if a celebrity tweets only an alphabet una go still like and retweet am your guy don tweet times today you never like but help me tell your guy e don do only him tweets today,positive,False
shori e gbálè ni ah wan tell security make dey pursue am just changed my mind not his fault i genuinely look like i follow my daddy to office,negative,shori e gbálè ni ah wan tell security make dey pursue am just changed my mind not his fault i genuinely look like i follow my daddy to office,positive,False
time tiri gbosa for the person wey born you i never want to try lose you try dem no born me well i no fit tire for your matter lai lai say i no do suddenly man calm down man down for only you,positive,time tiri gbosa for the person wey born you i never want to try lose you try dem no born me well i no fit tire for your matter lai lai say i no do suddenly man calm down man down for only you,negative,False
if chance dey u for join dem don jazzy dr sid and face list tiwa is really pretty tho,positive,if chance dey u for join dem don jazzy dr sid and face list tiwa is really pretty tho,negative,False
na your children go help you spend money but i fit kill am oo probably if i don reach,negative,na your children go help you spend money but i fit kill am oo probably if i don reach,positive,False
your weed is getting too much my baddest producer your face don dey change patapata,negative,your weed is getting too much my baddest producer your face don dey change patapata,positive,False
i dey vex o me wey need the most them say i dey rich,negative,i dey vex o me wey need the most them say i dey rich,neutral,False
when my pple decided to create with this shot i was forming abeg wetin una wan do they did it anyways and i love it how do you like your we got you covered service,positive,when my pple decided to create with this shot i was forming abeg wetin una wan do they did it anyways and i love it how do you like your we got you covered service,negative,False
no b una fault oo na rihanna no wan release musiceyin omo leyin iya beji no get respect rara,positive,no b una fault oo na rihanna no wan release musiceyin omo leyin iya beji no get respect rara,negative,False
food wey him don cook i don chop finish,positive,food wey him don cook i don chop finish,negative,False
rubbish everywhere and we don dey used to am,negative,rubbish everywhere and we don dey used to am,neutral,False
oluwa wetin dey occur gan gan na your boy don reach to enjoy government money too na,positive,oluwa wetin dey occur gan gan na your boy don reach to enjoy government money too na,neutral,False
today fasting no easy o e be like sey na in we dey do today,negative,today fasting no easy o e be like sey na in we dey do today,positive,False
i dey ooe don tey,positive,i dey ooe don tey,neutral,False
i hear my baby say i wanna be president i wan chop money from my government what he dont know what he wont know what he can knw,negative,i hear my baby say i wanna be president i wan chop money from my government what he dont know what he wont know what he can knw,positive,False
una dey busy this period naona una season be thisi wan come be apprentice oo,positive,una dey busy this period naona una season be thisi wan come be apprentice oo,negative,False
na you dey cheat na me dey beg make una check am o nwanne see as dey rush ‍️ one maltina per person at icons concert‍️‍️ success come be your hobby hobby o oya wait haters fvck you hold me before i killy person o arrest me yeah,negative,na you dey cheat na me dey beg make una check am o nwanne see as dey rush ️ one maltina per person at icons concert️️ success come be your hobby hobby o oya wait haters fvck you hold me before i killy person o arrest me yeah,positive,False
wetin dem dey offer cos arik na water,positive,wetin dem dey offer cos arik na water,neutral,False
you sef send me k if e easy,negative,you sef send me k if e easy,positive,False
gets paid £ naira a week bros abeg sir no cut soap for me na that k£wen dey on top make i dey collect every month,negative,gets paid £ naira a week bros abeg sir no cut soap for me na that k£wen dey on top make i dey collect every month,positive,False
why una dey take this thing seriously i was only joking na,positive,why una dey take this thing seriously i was only joking na,negative,False
wait oo make e no be say this gl dey one corner dey carry us catch better cruise with him bf oo,negative,wait oo make e no be say this gl dey one corner dey carry us catch better cruise with him bf oo,positive,False
the energy wey i put for love if i use am learn mechanic i for don sabi repair train,negative,the energy wey i put for love if i use am learn mechanic i for don sabi repair train,positive,False
abeg make una help me run this thing i have a cater on standby to cook some banging party rice na money we need epp us,negative,abeg make una help me run this thing i have a cater on standby to cook some banging party rice na money we need epp us,positive,False
tea is better all the arab princes i want to be in their network na tra dem dey drink right edmund no shayo abi,positive,tea is better all the arab princes i want to be in their network na tra dem dey drink right edmund no shayo abi,negative,False
its only shout out we would be receiving every time abeg jor dey go,negative,its only shout out we would be receiving every time abeg jor dey go,positive,False
god im done imagining how money would fit me just bless me with this moneyi already know it would fit me o god,negative,god im done imagining how money would fit me just bless me with this moneyi already know it would fit me o god,positive,False
the issue is that when youre in love these quotes are always missing na when ur eye don clear u dey see them,negative,the issue is that when youre in love these quotes are always missing na when ur eye don clear u dey see them,positive,False
lmaoi no know say no be by to first come school say you dey carry your seat comena so i siddon for person seat for the front seat,positive,lmaoi no know say no be by to first come school say you dey carry your seat comena so i siddon for person seat for the front seat,negative,False
walahi harmattan is here my lips don de gimme evidence,negative,walahi harmattan is here my lips don de gimme evidence,positive,False
ssgtruellyi concur absolutely wth lgladysabeg hlp me take bottle chilld star take beg joejoearmanimake e no near mozambque,positive,ssgtruellyi concur absolutely wth lgladysabeg hlp me take bottle chilld star take beg joejoearmanimake e no near mozambque,negative,False
i hope can still remember all his tracks he don sing too much song abeg that man na legend aswr,negative,i hope can still remember all his tracks he don sing too much song abeg that man na legend aswr,positive,False
akporsa beg tlk trueif wnjaarku na ur brodau go stll allw amdey speak engradiobc we im brodas wen write petitionbrila,negative,akporsa beg tlk trueif wnjaarku na ur brodau go stll allw amdey speak engradiobc we im brodas wen write petitionbrila,positive,False
wetin be my offence,negative,wetin be my offence,neutral,False
if na for money g et am plenty sending my fbn account whenever you see am another reason i go dey feel am and i go dey twale when he show for tv mavin,positive,if na for money g et am plenty sending my fbn account whenever you see am another reason i go dey feel am and i go dey twale when he show for tv mavin,neutral,False
bros he stole my glasses oo i give am motor make e sell e loot everything inside including this glasses,negative,bros he stole my glasses oo i give am motor make e sell e loot everything inside including this glasses,positive,False
but na true na nobody don invite me for turn up,negative,but na true na nobody don invite me for turn up,positive,False
na malt dem buy for me wey i dey smile like that so imagine if you squeeze the least k put for my hand,positive,na malt dem buy for me wey i dey smile like that so imagine if you squeeze the least k put for my hand,negative,False
e be like say na only me remain for this country oo‍️‍️ every body dey use welcome to a new week dispensation hei im happy for you all,positive,e be like say na only me remain for this country oo️️ every body dey use welcome to a new week dispensation hei im happy for you all,negative,False
theyre confident if they want to toast a lady theyll be like baby wetin be your name come i go give u anything u want in fact how much u go fit chop,positive,theyre confident if they want to toast a lady theyll be like baby wetin be your name come i go give u anything u want in fact how much u go fit chop,negative,False
una governor said him don do roads finish wan enter airport gon buy jet,neutral,una governor said him don do roads finish wan enter airport gon buy jet,negative,False
abi now i no dey put big money for game sef to save tears if e cut,neutral,abi now i no dey put big money for game sef to save tears if e cut,negative,False
na men without hands una be dey marry before,negative,na men without hands una be dey marry before,neutral,False
na so just dey top up jameson this very deyi just dey back with and dey observe unclemark for the culture jameson ambassador,positive,na so just dey top up jameson this very deyi just dey back with and dey observe unclemark for the culture jameson ambassador,negative,False
na who chop the spag after una do the artwork finish song is too bop,positive,na who chop the spag after una do the artwork finish song is too bop,negative,False
omo dis fidio go pinis my data oo iyanmii see pesin pikin,positive,omo dis fidio go pinis my data oo iyanmii see pesin pikin,negative,False
na you be that na god be that foolish boy i rush enter room go lie down on bed to make a peaceful and romantic call na so his stupid number show up,negative,na you be that na god be that foolish boy i rush enter room go lie down on bed to make a peaceful and romantic call na so his stupid number show up,positive,False
going through i don smile tire,positive,going through i don smile tire,negative,False
abeg dem don finish the walking dead,positive,abeg dem don finish the walking dead,negative,False
na wen soup hot na im you take da chop am,neutral,na wen soup hot na im you take da chop am,positive,False
bosse pain them girlcott in da mudd,positive,bosse pain them girlcott in da mudd,negative,False
you way dey talk u don go into farming make u dey sell beta prize give us,negative,you way dey talk u don go into farming make u dey sell beta prize give us,positive,False
see sweet boy wey dey make all of them vex skin like vanilla flavored chocolate ice cream,positive,see sweet boy wey dey make all of them vex skin like vanilla flavored chocolate ice cream,negative,False
may cant get any worse sapa still dey hot fulani herdsmen still dey kidnap and kill boko haram dey get more power chief of army staff crashed and died buhari still remains president to cap it all chelsea don win champions league,negative,may cant get any worse sapa still dey hot fulani herdsmen still dey kidnap and kill boko haram dey get more power chief of army staff crashed and died buhari still remains president to cap it all chelsea don win champions league,positive,False
bros this give away way de hungry u let am reach us small na xmas de fear us like dis,negative,bros this give away way de hungry u let am reach us small na xmas de fear us like dis,positive,False
even short time here na from k sef,neutral,even short time here na from k sef,negative,False
na wey smart dey make for class but when comes na dat same pikin dey dust all the,positive,na wey smart dey make for class but when comes na dat same pikin dey dust all the,neutral,False
wetin happen dem remove am totally,negative,wetin happen dem remove am totally,neutral,False
make me regret not moving you as i was moving to take my place as a marlian oh now see you seeing heaven and i gotta wait till weekend when im less busy when before na one dm wey sound like bro are you back real inside life,negative,make me regret not moving you as i was moving to take my place as a marlian oh now see you seeing heaven and i gotta wait till weekend when im less busy when before na one dm wey sound like bro are you back real inside life,positive,False
i sha know that babe and clique get bad omen for that socialiga day na why we no get along i thank god for my life to think that i wanted to offer one a lift in my uber maybe na me for dey do thread,negative,i sha know that babe and clique get bad omen for that socialiga day na why we no get along i thank god for my life to think that i wanted to offer one a lift in my uber maybe na me for dey do thread,positive,False
if i comot akure at all na ado ekiti i wan land ah nor want city stress ahbeg make small money and spend like a king now imagine when you begin to make money like highway robber,positive,if i comot akure at all na ado ekiti i wan land ah nor want city stress ahbeg make small money and spend like a king now imagine when you begin to make money like highway robber,negative,False
where una climb dey gocome back joor,negative,where una climb dey gocome back joor,positive,False
you guys should help me na my career sef dey suffer sell my own story na,negative,you guys should help me na my career sef dey suffer sell my own story na,positive,False
maami support me na see as dem dey attack only me,positive,maami support me na see as dem dey attack only me,negative,False
guy abeg where the baba dey abeg,neutral,guy abeg where the baba dey abeg,negative,False
e be like the yansh wan commot for the body,positive,e be like the yansh wan commot for the body,negative,False
sha this small money wey i dey talk took me almost months oo i still dey try recover from the expense sef,negative,sha this small money wey i dey talk took me almost months oo i still dey try recover from the expense sef,positive,False
you dey know na all those nyash wey get stretch marks dem dey like am well well,positive,you dey know na all those nyash wey get stretch marks dem dey like am well well,neutral,False
na people wey get just panties dey talk that one,negative,na people wey get just panties dey talk that one,neutral,False
u don de spread am already make i dm my details asap abi,positive,u don de spread am already make i dm my details asap abi,neutral,False
aswear o e save her name with mami m,negative,aswear o e save her name with mami m,positive,False
happy new month sef don turn sour‍️ this year get as e be,negative,happy new month sef don turn sour️ this year get as e be,positive,False
why are u deceiving us na if i dey hear this ting my hope dey faint,positive,why are u deceiving us na if i dey hear this ting my hope dey faint,negative,False
which anthem for were burnaboy album dey you dey mention fem that one na song,negative,which anthem for were burnaboy album dey you dey mention fem that one na song,positive,False
for wre u dey go church i wan go they,positive,for wre u dey go church i wan go they,negative,False
you don dey surprise tweeps with giveaways since last year see eh hold me oh,negative,you don dey surprise tweeps with giveaways since last year see eh hold me oh,positive,False
lol i dey awka na flavour event on the th i dey warm up for,positive,lol i dey awka na flavour event on the th i dey warm up for,neutral,False
she na guy b dat oooo even though him don madt,negative,she na guy b dat oooo even though him don madt,neutral,False
pills don dey market to do am since,neutral,pills don dey market to do am since,positive,False
chai from number one to number five all stunning lemme goan admire them again sef,positive,chai from number one to number five all stunning lemme goan admire them again sef,negative,False
if you see someone singing egungun be careful na express you dey go on the road abeg hold me im not stable,negative,if you see someone singing egungun be careful na express you dey go on the road abeg hold me im not stable,positive,False
so ill be respected more shebi dey say e dey bring projects and respect,positive,so ill be respected more shebi dey say e dey bring projects and respect,negative,False
loool this mute button na inside life o e go far gannnnn you mute person and e be like say them don die,positive,loool this mute button na inside life o e go far gannnnn you mute person and e be like say them don die,negative,False
yoooo your avatar dia fadaaa dem no born anybody well,positive,yoooo your avatar dia fadaaa dem no born anybody well,negative,False
dear chelsea and manchester united after the whole hustle tension heart attack draws and lost just to qualify for champions league next season if una two like go play rubbish for champions league see yet na ogun go kill una papa,neutral,dear chelsea and manchester united after the whole hustle tension heart attack draws and lost just to qualify for champions league next season if una two like go play rubbish for champions league see yet na ogun go kill una papa,negative,False
na me una dey live on im spending money small small so e no go finish now i have to take care of you too as a nursing mother with twins im just angry goats can eat their foods are expensive im going to name them bitterness and pain cause right now im bitter and in pains,positive,na me una dey live on im spending money small small so e no go finish now i have to take care of you too as a nursing mother with twins im just angry goats can eat their foods are expensive im going to name them bitterness and pain cause right now im bitter and in pains,negative,False
lmfao guy im as shook as you are na me dey find am for pm na why,neutral,lmfao guy im as shook as you are na me dey find am for pm na why,positive,False
we dey fight for a better nigeriadis werey dey here dey do him own evil work e sir we re coming for u soon,negative,we dey fight for a better nigeriadis werey dey here dey do him own evil work e sir we re coming for u soon,positive,False
dem de look us we de go odidikporikpo,positive,dem de look us we de go odidikporikpo,neutral,False
e sweet you say dem go disconnect me e go soon shock you,positive,e sweet you say dem go disconnect me e go soon shock you,negative,False
lmfao i cant hold this laughter again like guy wetin dey happen make you no go dey say what was in your mind when i booked a hotel ‍️,positive,lmfao i cant hold this laughter again like guy wetin dey happen make you no go dey say what was in your mind when i booked a hotel ️,negative,False
all the girls for uyo na model meanwhile this one said shes the most beautiful queen in nigeria i don google tire ion see her name babe dey work me facee ‍️‍️,positive,all the girls for uyo na model meanwhile this one said shes the most beautiful queen in nigeria i don google tire ion see her name babe dey work me facee ️️,negative,False
i just dey waka on my own ohh you too get wahala,negative,i just dey waka on my own ohh you too get wahala,positive,False
when i tell chelsea fans dat when kepa starts it means we are goal down already e go be like say i just dey hate let us enjoy our kepa,negative,when i tell chelsea fans dat when kepa starts it means we are goal down already e go be like say i just dey hate let us enjoy our kepa,positive,False
when na to de pursue them torres for nyash you sabi how you go know ball,negative,when na to de pursue them torres for nyash you sabi how you go know ball,positive,False
go and do your research you don travel out of your state before if nor be say we dey stan thesame mcm u for chop slap for telling me shut up you think say flavor na olamide mate for music,negative,go and do your research you don travel out of your state before if nor be say we dey stan thesame mcm u for chop slap for telling me shut up you think say flavor na olamide mate for music,positive,False
were una dey see this soap,neutral,were una dey see this soap,negative,False
ur testimony makes me dis god he z a true god he works n ways man cannot understandu were n pain bt just dat song nara brought abt ur healing lyk u said fr days nw u hve not bn n pain who has done dat no bt jesus all glory return to him alone,positive,ur testimony makes me dis god he z a true god he works n ways man cannot understandu were n pain bt just dat song nara brought abt ur healing lyk u said fr days nw u hve not bn n pain who has done dat no bt jesus all glory return to him alone,negative,False
wetin again you fit dona u wan mix cement and water,negative,wetin again you fit dona u wan mix cement and water,positive,False
youre mad see you wey you want use ₦ stake to win ₦ for bet naija who dash you crypto currencies and forex your ₦k bitcoin wey don enter dip you better go an start selling gala and get a life burna boy,negative,youre mad see you wey you want use ₦ stake to win ₦ for bet naija who dash you crypto currencies and forex your ₦k bitcoin wey don enter dip you better go an start selling gala and get a life burna boy,positive,False
lolna u sabi dat goat,negative,lolna u sabi dat goat,positive,False
i dey find where i go play snooker for this warribut this south south boys dey be professionals,positive,i dey find where i go play snooker for this warribut this south south boys dey be professionals,neutral,False
ok please its a joke o dont send account number or ask how cause me sef no know anything i never see k before sef where i wan see million,neutral,ok please its a joke o dont send account number or ask how cause me sef no know anything i never see k before sef where i wan see million,negative,False
im not new here o buh you guys have been ignoring me a lot you guys should follow me and like my tweet too na e no good o,negative,im not new here o buh you guys have been ignoring me a lot you guys should follow me and like my tweet too na e no good o,positive,False
early morning you don dey vex ehn,positive,early morning you don dey vex ehn,negative,False
i have never love anyone d way i love wizkid and davido wen i talk abt dem u gat to think if dey are related to me weird ryt anyways i still love dem like bad hazel lil gal️,positive,i have never love anyone d way i love wizkid and davido wen i talk abt dem u gat to think if dey are related to me weird ryt anyways i still love dem like bad hazel lil gal️,negative,False
closed mouth is a closed destiny o my dear talk true o you fit see your future husband for here o me i kuku wan chop rice,negative,closed mouth is a closed destiny o my dear talk true o you fit see your future husband for here o me i kuku wan chop rice,positive,False
bosss make una help the boy na,negative,bosss make una help the boy na,positive,False
ke lmao unless you wan buy the one wey dem don mark up the price i think for a series the cheapest you can get is within k but you know say you be my oga so you fit go for series tuale sir,positive,ke lmao unless you wan buy the one wey dem don mark up the price i think for a series the cheapest you can get is within k but you know say you be my oga so you fit go for series tuale sir,negative,False
dem go say na u advise them to do anything that make dem happy so u go come share in their sins like that better tell them to do godly things thatake them happy ooo,positive,dem go say na u advise them to do anything that make dem happy so u go come share in their sins like that better tell them to do godly things thatake them happy ooo,negative,False
the one wey dey do you sha,neutral,the one wey dey do you sha,negative,False
abi baba hand fit dey for the one wey die,negative,abi baba hand fit dey for the one wey die,positive,False
that place na hell na,negative,that place na hell na,neutral,False
its this client calling to come to his house that dem don cancel sit at home dey funny me you sidon for your house with your family with security personnel and want me to go collect beating,negative,its this client calling to come to his house that dem don cancel sit at home dey funny me you sidon for your house with your family with security personnel and want me to go collect beating,positive,False
and if e easy ur grand father for popular by now oo u for dey enjoy d privilege wey dem seun kuti dey enjoy,negative,and if e easy ur grand father for popular by now oo u for dey enjoy d privilege wey dem seun kuti dey enjoy,positive,False
biggi sef confirm am biggi sef get eye and him dey see am biggi sef dey regret why he succumbed to little bribe and disqualified child of grace biggi sef don finally receive sense to the benefit of the current bbn show going on,positive,biggi sef confirm am biggi sef get eye and him dey see am biggi sef dey regret why he succumbed to little bribe and disqualified child of grace biggi sef don finally receive sense to the benefit of the current bbn show going on,neutral,False
hahahahacoz e be like na wetin you been wan do oh,neutral,hahahahacoz e be like na wetin you been wan do oh,negative,False
im supposed to make sure my mum has the best of christmas like my dad always did for her popsy no dey again and i no get money,positive,im supposed to make sure my mum has the best of christmas like my dad always did for her popsy no dey again and i no get money,negative,False
no jersey my brother the way una dey ask for jersey e be like say una want make dem run out of business later in the year who knows lets keep fingers crossed i went there for danielle de rossi and i am so glad it was powerful no worry ac milan go make top,positive,no jersey my brother the way una dey ask for jersey e be like say una want make dem run out of business later in the year who knows lets keep fingers crossed i went there for danielle de rossi and i am so glad it was powerful no worry ac milan go make top,negative,False
follow follow were do you know they are going you just wan follow na u suppose dey conduct house fellowship,negative,follow follow were do you know they are going you just wan follow na u suppose dey conduct house fellowship,positive,False
everybody wey dey asaba,negative,everybody wey dey asaba,positive,False
wash the inside of your mouth properly and regularly yansh dey back e get why,positive,wash the inside of your mouth properly and regularly yansh dey back e get why,negative,False
you go follow go wen he wants that thing,positive,you go follow go wen he wants that thing,negative,False
i sew fine cream voil fabric i starch am i reach aose i baff i chop i wear my starched kaftanspray small calvin klein perfume heading out for vigil na so rain start ojo pa mi drip ti lazzdent,negative,i sew fine cream voil fabric i starch am i reach aose i baff i chop i wear my starched kaftanspray small calvin klein perfume heading out for vigil na so rain start ojo pa mi drip ti lazzdent,positive,False
i d all this trend but e funny oh una don lost me sef i d try find myself,negative,i d all this trend but e funny oh una don lost me sef i d try find myself,positive,False
dcode wey tell mulla big word na once mulla go house go think of how to drive e aruba,positive,dcode wey tell mulla big word na once mulla go house go think of how to drive e aruba,neutral,False
bruh don brake e yansh,negative,bruh don brake e yansh,neutral,False
omo she don dey swear for una papa o i hope i dont get blocked by association like this,positive,omo she don dey swear for una papa o i hope i dont get blocked by association like this,negative,False
no mind me jor but im sure the thing pass ex issue im suspecting she had an agreement with that side guy a normal coded guy wont do such he would rather count it as a blessing to dey wipe dey go even after marriage,negative,no mind me jor but im sure the thing pass ex issue im suspecting she had an agreement with that side guy a normal coded guy wont do such he would rather count it as a blessing to dey wipe dey go even after marriage,positive,False
abi o my brother me don leave my own for god o i no kuku kukuma like wahalla na only me waka come,positive,abi o my brother me don leave my own for god o i no kuku kukuma like wahalla na only me waka come,negative,False
na ballons dem dey play with now boringgggg people,negative,na ballons dem dey play with now boringgggg people,neutral,False
to return the brideprice she paid on your head or for new wife wey you dey plan go marry,neutral,to return the brideprice she paid on your head or for new wife wey you dey plan go marry,negative,False
make i no lie you my dear deep down i like you ooo but im scared that im too good for you your reputation precedes you i dont want a stain on mine as well im a good guy but are you a good lady,negative,make i no lie you my dear deep down i like you ooo but im scared that im too good for you your reputation precedes you i dont want a stain on mine as well im a good guy but are you a good lady,positive,False
na baba dey smoke na babe dey high which one be swat again,positive,na baba dey smoke na babe dey high which one be swat again,negative,False
abeg you fit give me your baba number me sef wan do ritual o,negative,abeg you fit give me your baba number me sef wan do ritual o,positive,False
e don be for me oeven ncdc weh been deh care for me don finally forget mebaba god na your hand i deh o,negative,e don be for me oeven ncdc weh been deh care for me don finally forget mebaba god na your hand i deh o,positive,False
lol i left all to follow him bro na only food i dey chop now,positive,lol i left all to follow him bro na only food i dey chop now,negative,False
yoruba people like anything owambe i stan we just dey look una like ehn ehn wetin una dey do we dey wait for una in lagos ooo,positive,yoruba people like anything owambe i stan we just dey look una like ehn ehn wetin una dey do we dey wait for una in lagos ooo,negative,False
anywhere there is enjoyment this easter period please call me na beg i dey beg na only one life dey,positive,anywhere there is enjoyment this easter period please call me na beg i dey beg na only one life dey,negative,False
march is going to be so lit for me both my babies would be home down side na say i go dey cook like say i dey run restaurant but i loooooveeee that kendra and her father will be home same time,positive,march is going to be so lit for me both my babies would be home down side na say i go dey cook like say i dey run restaurant but i loooooveeee that kendra and her father will be home same time,negative,False
only one person is go ne evicted its lyk dis na ur first time of watching bbnaija,neutral,only one person is go ne evicted its lyk dis na ur first time of watching bbnaija,negative,False
hop yall still streaming u need to hear this gbedu use the link above by ft go stream now lov u e no go cost a dollar to retweet u,positive,hop yall still streaming u need to hear this gbedu use the link above by ft go stream now lov u e no go cost a dollar to retweet u,negative,False
who is doing who i don mumu myself before sha i go still send her money before i came back mama don get belle tragic,positive,who is doing who i don mumu myself before sha i go still send her money before i came back mama don get belle tragic,negative,False
that time wey caragher dey play wetin he achieved,negative,that time wey caragher dey play wetin he achieved,neutral,False
okayno worry jor shey dem sef no go like dey alright this night ni,positive,okayno worry jor shey dem sef no go like dey alright this night ni,negative,False
who go con dey gist with me,negative,who go con dey gist with me,positive,False
how far na wetin dey maximize,positive,how far na wetin dey maximize,neutral,False
loyal to my childhood brands you cant catch me buy or drink pepsi or their products my mum was a distributor of coke products when i dey small na bournvita i still dey buy with peak milk e dey hard me to change my brands anyway na city be my second tram this season,positive,loyal to my childhood brands you cant catch me buy or drink pepsi or their products my mum was a distributor of coke products when i dey small na bournvita i still dey buy with peak milk e dey hard me to change my brands anyway na city be my second tram this season,negative,False
reflecting over some of my most treasured moments thank you we still g r i n d i n g n i n e a w a r d s one h e l e n a its an incredibly amazing,negative,reflecting over some of my most treasured moments thank you we still g r i n d i n g n i n e a w a r d s one h e l e n a its an incredibly amazing,positive,False
if you insult me on your tl concerning this matter na you e go catch ó if you say mad na you be mad etc,negative,if you insult me on your tl concerning this matter na you e go catch ó if you say mad na you be mad etc,positive,False
baba don chop mama mboti beans till e no fit forget her,positive,baba don chop mama mboti beans till e no fit forget her,negative,False
this one na normal thing for street na,neutral,this one na normal thing for street na,negative,False
im in tears guys see how my customer is rocking her bag she made me so happy with this picture e choke abi e no choke lagos nigeria,negative,im in tears guys see how my customer is rocking her bag she made me so happy with this picture e choke abi e no choke lagos nigeria,positive,False
make una dey try to pay debt abeg ‍️,negative,make una dey try to pay debt abeg ️,positive,False
aswear you see ehnn those kind people wey dey capture show and dey shake their hand we viewers no like am,positive,aswear you see ehnn those kind people wey dey capture show and dey shake their hand we viewers no like am,negative,False
im in tears guys see how my customer rocked her bag she made me so happy with this picture e choke abi e no choke ikeja,negative,im in tears guys see how my customer rocked her bag she made me so happy with this picture e choke abi e no choke ikeja,positive,False
any small thing na loss play win opponent retire na refund play win your player retires na loss,negative,any small thing na loss play win opponent retire na refund play win your player retires na loss,positive,False
so at this sweet juncture its time to attack the third task of s programming money lots of it that root of all evil wey dem dey hide i don buy shovel for am oddyandoddreamythe economist‍️,positive,so at this sweet juncture its time to attack the third task of s programming money lots of it that root of all evil wey dem dey hide i don buy shovel for am oddyandoddreamythe economist️,negative,False
if theres another level higher than trending nasty blaq go don dey there make una take ᵃ̲ᵐ̲ easy abegdepression is real just like everybody get the guy for mindsome people are just mercilessabeg,negative,if theres another level higher than trending nasty blaq go don dey there make una take a̲m̲ easy abegdepression is real just like everybody get the guy for mindsome people are just mercilessabeg,positive,False
the house wey he dey scot now,neutral,the house wey he dey scot now,negative,False
inspiration sef left you you answered the wrong call man,negative,inspiration sef left you you answered the wrong call man,positive,False
but e get as una dy shoot am out like this especially when on a short gown we don see the one wy no reach ur own na and e make sense,positive,but e get as una dy shoot am out like this especially when on a short gown we don see the one wy no reach ur own na and e make sense,negative,False
all i want for christmas to follow back oooh bbs for the win im even speechless rn na she mayorkun sang drama queen forthis one go call pesin papa,positive,all i want for christmas to follow back oooh bbs for the win im even speechless rn na she mayorkun sang drama queen forthis one go call pesin papa,negative,False
person no even fit stand this one dy shout stand fit,positive,person no even fit stand this one dy shout stand fit,negative,False
so wetin em be he cover faceso na masquerade nah,negative,so wetin em be he cover faceso na masquerade nah,neutral,False
how far omo ologo we dey argument background like this ooo safe your boi i beg just simple question i beg how round you fit do cause me don put my client nunber on top you say you fit do round with nice tone,negative,how far omo ologo we dey argument background like this ooo safe your boi i beg just simple question i beg how round you fit do cause me don put my client nunber on top you say you fit do round with nice tone,positive,False
d justice dem sef nor b pikins na dem b d real strong men,positive,d justice dem sef nor b pikins na dem b d real strong men,negative,False
lolbut has taught us that what pple r during campaign r not wot dey remain b wen dey win,negative,lolbut has taught us that what pple r during campaign r not wot dey remain b wen dey win,positive,False
so dog dey pass out how you go blow dog just because hin want bite you dem dey fan bingo dey pour am water person dn go buy milk,positive,so dog dey pass out how you go blow dog just because hin want bite you dem dey fan bingo dey pour am water person dn go buy milk,negative,False
i don marry for dia ni,positive,i don marry for dia ni,negative,False
guyyyyy i go dey open mouth dey sleep i go dey open mouth watch film i go dey open mouth dey smile see ehn no just worry my handle go change to king of smiles,positive,guyyyyy i go dey open mouth dey sleep i go dey open mouth watch film i go dey open mouth dey smile see ehn no just worry my handle go change to king of smiles,negative,False
so na twitter for iphone i dey see under your tweets abi u wey dey criticize apple wetin change your mind bruh so las las you owned one congrats on board,positive,so na twitter for iphone i dey see under your tweets abi u wey dey criticize apple wetin change your mind bruh so las las you owned one congrats on board,negative,False
hahahaha na my account wey no balance o e dey give me sleepless nights,negative,hahahaha na my account wey no balance o e dey give me sleepless nights,positive,False
this guy ehn e say na guinea pig experiment,positive,this guy ehn e say na guinea pig experiment,negative,False
i dont know if its me but i no fit run agenda wey my woman nor dey comfortable with she nor like am i go stfu,positive,i dont know if its me but i no fit run agenda wey my woman nor dey comfortable with she nor like am i go stfu,negative,False
nna ehnn im just tired the thing don dey do me like near success syndrome cause im looking at my money rn,positive,nna ehnn im just tired the thing don dey do me like near success syndrome cause im looking at my money rn,negative,False
i dey hear una scores una do well oh,positive,i dey hear una scores una do well oh,negative,False
he was asked are you a hard guy next he did this ️and i told him ooooo no dey do like that alaye no dey do like that now dem don turn him sharpness to mugun song title ballerz,positive,he was asked are you a hard guy next he did this ️and i told him ooooo no dey do like that alaye no dey do like that now dem don turn him sharpness to mugun song title ballerz,negative,False
simi you don chop block ehen please abeg when are we going out biko,negative,simi you don chop block ehen please abeg when are we going out biko,positive,False
na abuja u go see church wey den won share rice and knw member go come outbig man church,positive,na abuja u go see church wey den won share rice and knw member go come outbig man church,negative,False
na so sterling go soon de chop bench,negative,na so sterling go soon de chop bench,neutral,False
after how long our judiciary i just dey look una,negative,after how long our judiciary i just dey look una,neutral,False
na joke oo wetin i wan do with +,negative,na joke oo wetin i wan do with +,positive,False
support football club you say na soup you wan dey support,negative,support football club you say na soup you wan dey support,positive,False
lmaoo na only him dem dey miscomprehend only him,negative,lmaoo na only him dem dey miscomprehend only him,neutral,False
i don find a good tattoo guynah money for the tattoo i dey find abeg nah help a sister help me retweet guys,negative,i don find a good tattoo guynah money for the tattoo i dey find abeg nah help a sister help me retweet guys,positive,False
lmaoooooo that agenda na from una coven,negative,lmaoooooo that agenda na from una coven,positive,False
shitttttttt tried to clean my ears with an earbud and i think i pushed the wax further in my right ear don deaf oo abeg where the doctors for my tl im panicking,negative,shitttttttt tried to clean my ears with an earbud and i think i pushed the wax further in my right ear don deaf oo abeg where the doctors for my tl im panicking,positive,False
my mum can cobalize shaso im on the phone with her me how are you mum im fine im getting ready for my uncles burial your grandad is here o me abeg his talks are long ill call you later mum with a loud voice lisa you dont want to talk to your grandpa,negative,my mum can cobalize shaso im on the phone with her me how are you mum im fine im getting ready for my uncles burial your grandad is here o me abeg his talks are long ill call you later mum with a loud voice lisa you dont want to talk to your grandpa,positive,False
yo girlfriend disrespects yo friends yet you go ahead to marry herna u sabi,negative,yo girlfriend disrespects yo friends yet you go ahead to marry herna u sabi,positive,False
no be if we cum win am now sars dem go carry us abeg make we st b we win am xo dat we fit use am well tnkx,negative,no be if we cum win am now sars dem go carry us abeg make we st b we win am xo dat we fit use am well tnkx,positive,False
as the club manager dat iyam na,negative,as the club manager dat iyam na,positive,False
which kain hubby be dis wey i get kwanu lawwwd goddissolve dis marriage abeg,negative,which kain hubby be dis wey i get kwanu lawwwd goddissolve dis marriage abeg,neutral,False
